{"0.03798195450558195":{"user_id":1},"0.021375643225549412":{"user_id":1},"0.30963116113060707":{"user_id":2},"0.08142879260423519":{"user_id":2},"0.5531738613422459":{"user_id":2},"0.13092261837463792":{"user_id":2}}